url,imdb_id,prediction
dummy,tt6320628,[38259027.46215899]
dummy,tt0437086,[38226660.29618789]
